USE MEDS;

INSERT INTO MEDS_USER (USER_ID, EMAIL, PASSWORD, NAME, SURNAME, PHONE, GENDER, AGE, USER_ALLOW_PUSH) VALUES 
(1, 'steven@gmail.com', '12345', 'Steven', 'Toby', '0117491273', 'male', 11, 1);

INSERT INTO MEDS_DATA_CONTENT (DATA_CONTENT_ID, DATA) VALUES
 (1, 0x5072696d65204375726520697320616e2061636372656469746564206d616e61676564206865616c746863617265206f7267616e69736174696f6e2070726f766964696e6720736572766963657320746f2061206e756d626572206f66206d65646963616c20736368656d6573206163726f7373206120776964652072616e6765206f66206f7074696f6e732e20497420616c736f2063617465727320746f20746865206e65656473206f6620656d706c6f7965727320616e64207468656972207374616666206d656d626572732e20),
 (2, 0x5072696d65204375726520697320616e2061636372656469746564206d616e61676564206865616c746863617265206f7267616e69736174696f6e2070726f766964696e6720736572766963657320746f2061206e756d626572206f66206d65646963616c20736368656d6573206163726f7373206120776964652072616e6765206f66206f7074696f6e732e20497420616c736f2063617465727320746f20746865206e65656473206f6620656d706c6f7965727320616e64207468656972207374616666206d656d626572732e20),
 (3, 0x4c69666520436c6172656d6f6e7420616e64204c696665204b696e67736275727920486f73706974616c7320617265206d656d62657273206f66204c696665204865616c7468636172652c206f6e65206f6620746865206c617267657374207072697661746520686f73706974616c2067726f75707320696e20536f757468204166726963612c206f7065726174696e67203633206163757465206361726520666163696c6974696573206163726f73732074686520636f756e7472792e0d0a4c696665204865616c746863617265206973207265636f676e69736564207468726f7567686f757420746865206865616c746820696e64757374727920666f722069747320686967682063616c69627265206865616c7468636172652070726f66657373696f6e616c7320616e6420657863656c6c656e7420666163696c69746965732e),
 (4, 0x4c69666520436c6172656d6f6e7420616e64204c696665204b696e67736275727920486f73706974616c7320617265206d656d62657273206f66204c696665204865616c7468636172652c206f6e65206f6620746865206c617267657374207072697661746520686f73706974616c2067726f75707320696e20536f757468204166726963612c206f7065726174696e67203633206163757465206361726520666163696c6974696573206163726f73732074686520636f756e7472792e0d0a4c696665204865616c746863617265206973207265636f676e69736564207468726f7567686f757420746865206865616c746820696e64757374727920666f722069747320686967682063616c69627265206865616c7468636172652070726f66657373696f6e616c7320616e6420657863656c6c656e7420666163696c69746965732e),
 (5, 0x4c69666520436c6172656d6f6e7420616e64204c696665204b696e67736275727920486f73706974616c7320617265206d656d62657273206f66204c696665204865616c7468636172652c206f6e65206f6620746865206c617267657374207072697661746520686f73706974616c2067726f75707320696e20536f757468204166726963612c206f7065726174696e67203633206163757465206361726520666163696c6974696573206163726f73732074686520636f756e7472792e0d0a4c696665204865616c746863617265206973207265636f676e69736564207468726f7567686f757420746865206865616c746820696e64757374727920666f722069747320686967682063616c69627265206865616c7468636172652070726f66657373696f6e616c7320616e6420657863656c6c656e7420666163696c69746965732e);

INSERT INTO MEDS_FILE (FILE_ID, GUID, NAME, EFF_FRM) VALUES
(1, '73e17a87-006c-478f-9ede-00af163354df', 'hospital.png', '2015-09-28 06:33:20'),
(2, '153f8377-9031-422e-9f22-474539ef071f', 'hospital.png', '2015-09-28 06:33:20'),
(3, 'd227f6dc-28b9-4e66-917f-cb57a5c9ab94', 'hospital.png', '2015-09-28 06:33:20'),
(4, '1461f015-7ae3-4153-acbf-1190b52a51ab', 'hospital.png', '2015-09-28 06:33:20'),
(5, '3945bd02-f2bc-4266-8da2-982f1db41753', 'hospital.png', '2015-09-28 06:33:20'),
(6, '9b449cb2-147d-4d38-947c-966216ae5ea1', 'hospital.png', '2015-09-28 06:33:20'),
(7, '75ccb730-e496-4b74-845a-8cf836228a0e', 'toyy.png', '2015-10-01 00:00:00'),
(8, 'cdffc1fa-b6fa-482c-b11b-ca7bb51c194e', 'toby_thumb.png', '2015-10-01 00:00:00');

INSERT INTO MEDS_IMAGE (IMAGE_ID, FILE_ID, WIDTH, HEIGHT) VALUES
(1, 1, 600, 400),
(2, 2, 600, 400),
(3, 3, 600, 400),
(4, 4, 600, 400),
(5, 5, 600, 400),
(6, 6, 600, 400),
(7, 7, 600, 400),
(8, 8, 56, 56);

INSERT INTO MEDS_TRADING_HOUR (TRADING_HOUR_ID, EFF_FRM, EFF_TO, OPEN) VALUES
(1, '09:00:00', '17:00:00', 1),
(2, '09:00:00', '17:00:00', 1),
(3, '09:00:00', '17:00:00', 1),
(4, '09:00:00', '17:00:00', 1),
(5, '10:00:00', '16:00:00', 1),
(6, '08:00:00', '14:00:00', 1),
(7, '08:00:00', '10:00:00', 1),
(8, NULL, NULL, 0);

INSERT INTO MEDS_TRADING_DAY (TRADING_DAY_ID, MONDAY_ID, TUESDAY_ID, WEDNESDAY_ID, THURSDAY_ID, FRIDAY_ID, SATURDAY_ID, SUNDAY_ID, PUBIC_HOLIDAY_ID) VALUES
(1, 1, 2, 3, 4, 5, 6, 7, 8),
(2, 1, 1, 1, 1, 1, 1, 1, 1),
(3, 1, 2, 3, 4, 5, 6, 7, 8),
(4, 7, 7, 8, 7, 7, 7, 8, 8),
(5, 1, 2, 3, 4, 5, 6, 7, 8);

INSERT INTO MEDS_PRACTICE (PRACTICE_ID, NAME, EMAIL, LATITUDE, LONGITUDE, ADDRESS, TRADING_DAY_ID, PHONE, FEE, IMAGE_ID, BIO_ID) VALUES
(1, 'Medi center', 'info@medi-centre.co.za', -25.949139, 28.100485, 'Unit 35 Jet Park Caravelle Street',1, '041 501 3830', 240,1,1),
(2, 'Prime Cure', 'primecure@gmail.com', 25.956478, 28.107218, '2 Sunninghill Crescent',2, '0861 665 665', 340,2,5),
(3, 'Frankston Hospital', 'frank@gmail.com', -25.954842, 28.084886, 'Hastings Road Frankston Vic 3199',3, '03 9783 8522', 200,3,4),
(4, 'London Medicentre', 'lon@gmail.com', -25.954608, 28.097391, '99 Wattle Rd',4, '011 123 4567', 140,4,3),
(5, 'Life Claremont', 'life@gmail.com', -25.958125, 28.093299, '245 Main Road (Opp. Ardene Gardens) ',5, '011 123 4567', 400,5,2),
(6, 'George Hospital', 'george@gmail.com', -25.966858, 28.098228, 'Langenhoven Road, Heatherlands',1, '011 123 4567', 400,6,1),
(7, 'Steve Biko Hospital', 'steve@gmail.com', -25.957795, 28.097419, '23 Steve Rd',2, '011 123 4567', 500,1,5),
(8, 'Greys Hospital', 'greys@gmail.com', -25.966824, 28.104188, 'Townbush Road, Pietermaritzburg',3, '011 123 4567', 600,2,4),
(9, 'Applesbotch Hospital', 'apple@gmail.com', -25.956703, 28.095396, '73 Apple road',4, '011 123 4567', 700,3,3),
(10, 'Zithulele Hospital', 'zithule@gmail.com', -25.958324, 28.113827, 'Mthatha Shell Ultra City',5, '011 123 4567', 800,4,2),
(11, 'Medi Clinic Sandton', 'medisand@gmail.com', -25.952393, 28.092948, '73 Mimosa Rd',1, '011 123 4567', 900,5,1);


INSERT INTO MEDS_FIELD (FIELD_ID, NAME, MAP_COLOR) VALUES
(1, 'Dentist', '9C27B0'),
(2, 'Pediatrician', '2196F3'),
(3, 'Psychiatrist', '009688'),
(4, 'Dermatologist', 'CDDC39'),
(5, 'Cardiologist', 'FF9800');

INSERT INTO MEDS_PRACTICE_FIELD (PRACTICE_FIELD_ID, PRACTICE_ID, FIELD_ID) VALUES
(1, 1, 1),
(2, 1, 3),
(3, 1, 4),
(4, 2, 1),
(5, 2, 5),
(6, 3, 2),
(7, 3, 4),
(8, 4, 1),
(9, 5, 3),
(10, 5, 4),
(11, 5, 5),
(12, 6, 1),
(13, 6, 2),
(14, 6, 4),
(15, 6, 5),
(16, 7, 3),
(17, 7, 4),
(18, 8, 4),
(19, 8, 5),
(20, 9, 1),
(21, 10, 1),
(22, 10, 2),
(23, 10, 3),
(24, 11, 1),
(25, 11, 1);

INSERT INTO MEDS_DOCTOR (DOCTOR_ID, USER_ID, ICON_ID, IMAGE_ID, BIO_ID) VALUES 
(1, 1, 8, 7, 1);

INSERT INTO MEDS_DOCTOR_PRACTICE (MEDS_DOCTOR_PRACTICE_ID, PRACTICE_ID, DOCTOR_ID) VALUES
(1 , 1, 1);