USE MEDS;

INSERT INTO MEDS_USER (USER_ID, EMAIL, PASSWORD, NAME, SURNAME, PHONE, GENDER, AGE, USER_ALLOW_PUSH) VALUES 
(1, 'steven@gmail.com', '12345', 'Steven', 'Toby', '0117491273', 'male', 11, 1);

INSERT INTO MEDS_DATA_CONTENT (DATA_CONTENT_ID, DATA) VALUES
 (1, 0x5072696d65204375726520697320616e2061636372656469746564206d616e61676564206865616c746863617265206f7267616e69736174696f6e2070726f766964696e6720736572766963657320746f2061206e756d626572206f66206d65646963616c20736368656d6573206163726f7373206120776964652072616e6765206f66206f7074696f6e732e20497420616c736f2063617465727320746f20746865206e65656473206f6620656d706c6f7965727320616e64207468656972207374616666206d656d626572732e20),
 (2, 0x5072696d65204375726520697320616e2061636372656469746564206d616e61676564206865616c746863617265206f7267616e69736174696f6e2070726f766964696e6720736572766963657320746f2061206e756d626572206f66206d65646963616c20736368656d6573206163726f7373206120776964652072616e6765206f66206f7074696f6e732e20497420616c736f2063617465727320746f20746865206e65656473206f6620656d706c6f7965727320616e64207468656972207374616666206d656d626572732e20),
 (3, 0x4c69666520436c6172656d6f6e7420616e64204c696665204b696e67736275727920486f73706974616c7320617265206d656d62657273206f66204c696665204865616c7468636172652c206f6e65206f6620746865206c617267657374207072697661746520686f73706974616c2067726f75707320696e20536f757468204166726963612c206f7065726174696e67203633206163757465206361726520666163696c6974696573206163726f73732074686520636f756e7472792e0d0a4c696665204865616c746863617265206973207265636f676e69736564207468726f7567686f757420746865206865616c746820696e64757374727920666f722069747320686967682063616c69627265206865616c7468636172652070726f66657373696f6e616c7320616e6420657863656c6c656e7420666163696c69746965732e),
 (4, 0x4c69666520436c6172656d6f6e7420616e64204c696665204b696e67736275727920486f73706974616c7320617265206d656d62657273206f66204c696665204865616c7468636172652c206f6e65206f6620746865206c617267657374207072697661746520686f73706974616c2067726f75707320696e20536f757468204166726963612c206f7065726174696e67203633206163757465206361726520666163696c6974696573206163726f73732074686520636f756e7472792e0d0a4c696665204865616c746863617265206973207265636f676e69736564207468726f7567686f757420746865206865616c746820696e64757374727920666f722069747320686967682063616c69627265206865616c7468636172652070726f66657373696f6e616c7320616e6420657863656c6c656e7420666163696c69746965732e),
 (5, 0x4c69666520436c6172656d6f6e7420616e64204c696665204b696e67736275727920486f73706974616c7320617265206d656d62657273206f66204c696665204865616c7468636172652c206f6e65206f6620746865206c617267657374207072697661746520686f73706974616c2067726f75707320696e20536f757468204166726963612c206f7065726174696e67203633206163757465206361726520666163696c6974696573206163726f73732074686520636f756e7472792e0d0a4c696665204865616c746863617265206973207265636f676e69736564207468726f7567686f757420746865206865616c746820696e64757374727920666f722069747320686967682063616c69627265206865616c7468636172652070726f66657373696f6e616c7320616e6420657863656c6c656e7420666163696c69746965732e),
 (6, 0x89504e470d0a1a0a0000000d4948445200000038000000380806000000a8863b1e00000006624b474400ff00ff00ffa0bda793000000097048597300000b1300000b1301009a9c180000000774494d4507df0a010f301af4c8f32a0000001d69545874436f6d6d656e7400000000004372656174656420776974682047494d50642e650700001e6a4944415468dec59a69b065d755df7f7b9f7de63bbffbe6a9e76ea925756bb2065b58c8b28d71b08d8931609771cce440485281b22ba9840f4e2a50c50762c7604c5c368100052e6c4be041b60c1e24d96a0dad96d4ad1e9fdeeb7ef39de77ba6bdf3e1494005021676c2fe74ebd6a97bd7ffec35fcd77f2dc1f7e85cfbf62744636bdbba72e192edd8f6c1f1787c4f6d7be79668981ccdfbee52e0aa89ee300eebdd3e07f6cd0e262ba586e77bd7a4a5ce6751fcb431fa9ba328bb2875aac3bc97bdfa173e6ebe177689eff607fecbcfbcd6b9eed0817279a27c5c6bf3ae7abdf196344dab426bbabd211bbb6d6ca5180f476c77061821c99298d962c0fee93281ef62b426f05cfc5cbe258dfe8c72d49f08a99e963aebdcff814f25ff2400e7c07ee7db6f39b86f69e6cd857cfea70783e1b1eddd26c328651465d88ec25116adfe18654b262b455c1b522452c3a0db2194864a3147bf1fa3338de728caa5229eab701cfba2edd81fb31dfb2bc7af5f7a61f9873ea4ffbf017ce77d478e1c599c794739efff6c2e1f2c0d460917573688921432085d4531179008816d49a271841fb82c2e4c323b33811306686d18747ab826a5d76e72fe4a9d416f8c2bc07714aea35838b08885594986834fa0cd67dff5e12f9d7fa5b65aafe461638c92b527df9373ac5f3bb07ffeddc552b1d8ec8ce8f4fa28c7c6161247806d5980400a83d69ad0b3b04d46bbde26742da6ab45aab3b3cc2ecc8349712c8119f5a837da74bb23b4ceb094c4713d7aad4e394bd3d7e94cdff6f6571d909f7bf2c5a7ff9f00fcd0bf7c5df5a96f3ef0e1d0777fd955627fb3dd6363a7c5f64e93cded26cd7a1b0b83ce32864982652b5c25c8a218476a662b21a16b311a8d48a208293294252855ab085b218d261bf648b3944102f9429e783c241e0ec9e21821c48210dcf7f6db0f1cf991bb0f9ffaeca995deefbffffbc5679f5cfdee01fec41b6fdc67b2ecc1bceffe602e97735b9d215914b1767597f59d26f12846a2c11802c7c6d5199e2da9564be47c1b4b274c4d1638786c99c9e92aaea3404764e9883449f1c23c61a9c460386463b787932fd2a835706d8b741c91c509128330c6b12c71126deefad13b0e9e79f7c7fe62f3bbbec177bcf6f84d46e8af1f9caf1c1e8d62512c1698992c31ea76e9f662fafd019ebb7703816393f31439db22e7486c1d53cad92c2e4e5298a8509e9963726181d2e42461a14050c891a1696eac83d1ec3b728cf25485f32b2b14272b8c06118ded3a688dce32c8328cd64869168514f7fef0ab96cf7eeec9b5d57f34c01fbe65f6a621e6919b0ece56c6e30c8566797e8246bdc35f3cf21cab1b358abe43b518626519d562c0f2648ee9824b397498a816c8157394a7aa4c4e4d107836969078619e7c7596b03c8d522eb65274ebbb0cdbbbe4038fc5c539e25470facc45dadd3e5194122719719290242926d348474d38aefbdab79e5c7ee2734fad5e7bc500bffc9fdfb16fb31f7fbd5a2d544caa49a284b267b3bad16175bbc36ea343de572c4e97a8e66c7c09ae82c38b25aa953cc57c4018ba789e83ed28c262012f0c70020f2105d2320825b1a4643cea33eab440ba745a6dfab51a5bdbdb6496c3c64e072d05cdee90de2862344ec98cc6f75dfcd02f992cbbe3edb72cffc5e79e5e6b7cc7003ffa63b7579b51fca071ecc3bdfe909c631138164f5cd8e1eb4f5ee4fa238b5443456809a64b2e130597b2afc8d284c5d92ac5c027572e51a84ee27a018c47b8be8bb01d0402cbf110d2268b23d2648cebb8e4ca157a8d1d6ad7d68806432a7987b9b949d66a7df2a50a3bf5368371443f4ac88445a152249ff321cba62c290fffe85d471efad3532bc37f10a03163f5e89ffeee8713cc0f367b23311c8cc8398a272eecf0dc4a8399a2c3f2749e834b53382665aae43251cc61a1a9e63d3ccfa3502a919f9aa630bb8fb054c5727cb27e07bf5824ead611c9982c8d104210f79bb47736218b705c87b97d4bd8ae8d3486e57d734c4de6518b47b99615c148d224c2cf85cc56f32ccc55890723632bfb90ef39e2de8385873fffecd6df0ff0adfb9aef31925fde69f4dd711c6193d11fa56c36072c4d865cbf54c625656eb6c2cc4440c17710694ae8dbcccd4f53289789538ded7894f71dc5f242f4b04f96199472c9c64392711f93c6686dc8b4601c67e8344508706c851b8454a6a709f21e05dbd01f272cdfff36721393ec9b2d50cd5b9cb86e11991992c158d8b685ebda77cfcc4e9ffebdaf9dbbf07f6532bbdffed891f50b67ff607d6df3b68b9737c8170346c3215102a9919834261ec7544a01d3959062b980e338e8688c2b25d5f9395cc767d8ebd1eff59958dacfc4f2217414d1d95c274bc6d8ca90263d320cd25664ca43ba1e42b90c07036a1b1b380aca9502524a5a8d164648462a0fc50506fd01c5ac83190cb8f0c43902d726087dc2d0a7502c5c2d562a276f7eff475b2f63527fed9a2dbbf6d8a7df311a735b779870d39d27d069c2a5951d883296672a143c814e2292d19851774073bd8e4192cb79f8931594749148fc20479a668cdb0d1a26c30942bc7205292d865b6b98c422490658798b2097c3721ca2f1183708b0f325c240112531adcd75b2f180c9a565f261403aba068311c5529ee79fbd463c1c910f1c2c299142a094bd64d9f687805ffc5b00d97efea090cecfbe78719d2f7ef3390eecdb423a1e2fb6347947b3beb14339b098c8fb0cdb036ca3f16c1b6920f43c6ccb268b12840621d80399a478ae8f723cb48e8952d0b6cdb0d3c00f42d27e4494d5f0aa551ccfc7f7728c128926c5cb09168b151ccf231e8dc89208e1b8046e4aa7d1a6db6aa22c89250442b2f7a7426229f5ae6b0ffcd78f2cbef53f5cfa2b80f1d6b79d34eabdb979eddad2b967ce628056b3cbb357af7179abc37cc5e5f06c91ca5295dddd2e8c634a9e835112df77a9544a38ae87d1822c3308ad71428f7834241b8f088a25941fe29466b02c8bc1f62addcd55309a61bbc6f6b3e7186acdccd123d85e8166bd45eab904be4f67a74edceb311a0cd8d9dc221e46e48b21079626b976a9064622100824622fe60a5a471f007ee6af0046db57cae970f0d3f5ab57184409c64014c5acd7ba48a1099464b2e46100474a94efa2ec3dd7284d14094a45a4ad4082100237178225c857aaf476eb8c5a4d8ab34b68e9e28645dc428922cb7437d751c2c377c65cbdb8c6f36757593e7e84f36b2dceaf6c118894e38766705d45daeb30355d60feba7d6471c6734f5c2133202cf6a009400a90c21296fdfadd473e3a3bf59a7fb5a5d6fef083a279e199e369961ddbdaaa81653153b168768658026c25087c7baffd196584390f470a1ccbc20f3c848424ddeb496ddfc6761da46363b20ca3330ad355a47249a560308ed9ead7b195a094af52bdbecaa8b645fbea8b1c38ea2237b7b970f632570786567f88d19ae74f5d6294449cb86109616cd6567769373a0cfa43f29e8f4420844068833006212ca47226c8cc3b808f283ccf4a93f85df59d1a83569bd9f92a9bcd2eda521442976114612b49a918d2a9f74183e33a388e85e5d8644630e8f6c9e5f3e8409265193249b16c8b3493b49a1d5edcaad1978a71f438fb17ab4ccdcd30882728e426714bf36855647ce16922bdcbb09f72fd7481b7de7b23ddce907ead46961a2c69916a85086caa939271738c147ba16730204048819002103921e4eb818fa8e1a06ff73b9db76c5d5d67144774da032eef0c28fa165a6768a3c952cdd46485b81791660952b81863d03a234391649a244d89e318a11346dd169d71c2ea6e87e7b7db24423397b3989dab62fb39126d53f243ea9d066bebab1cafe698c84654f62f71ecd07e365ebc4cb4b5c1fe434b988532bee3d2adf72049f8c263cf927406cc140ac8c0c21801063062cf5f85c04803d2dadf7ee253c7547d7be760341a55b12d4aa590d55a8f2beb4dae5bae60098144d21fc5a406c2bc47b3de01932190e834431b41941ac46080c9327a4ab1d3e971a59bb1daee33ea7529850ec3cc678862bd3526dd7c9199fa169373fb58f021df5da770f83a9c729971af8b2312ba8d065127468b21c6b1696f3718b67a0c7b63ca9e8beb4884947bee29e44b37f77271170898064eaaf168744f9a696cd70560b29ca7e8da74fb23a4d028651125868df53acb0b559ab5364992618cc4b892284e190ffa8c039f3136f1b8cf957eccca20254a3312cb65bba759dda951dde93295f7989b2a514f8b98b48e722c2a274f10f80146184c34a6babc4c96a4ac5e5cc39692c9850a734796a8d53bc8951de22445290b6989bfa62a52820163406b0342548de198f5ee7baffb39cb52b768211052622b8b7677c8da761ba5044a499224a314d804ae64381813c529b18651949018c1d80e198e22868d26f5ee18b79a4728683406d43b31ddde0845cc846f339db3d1ad363ace38f1aa9b1026627e6611cb6408ad11c220958de5d874771aac9c59c58d2266f72f32180c707336c93026f43d6cdb46480b69db28dbc1f35cfc7c0edb75b15d1769595b52d9ce516929a4b43042e03836fba70b788e4dce77093d459466d41a3d36376a4449cc4ebbc76abd454db8ac0f33aeac5c66b7d5a11f94b0a7a6b18b93044233e9a558e32e8e89708dc64963b6aeacd36db6397ea8cad464116d40983dc7326982100ae5b84cec3fc6fcfefd8854e34845c5cff3d0232fd0eb0e985b9a405ad69e8bcabdfa87d1686d30997e293f688043cac09294827ca948afd3214d32f6cd57b9a1d9e1858d2e48c88ca13b8c69758674920c519e62e6d88d4857d1dc5e454d2d131472345e3ccfc2749589b24db6bcccfa20255f88481241168fd9688e09858dea0d49c7093ad3b8f99997dc2b41980c83405a0e38216ee073ef0fdfc9e4fe838c8dcda71fb9c8f7dd38cfcdfb2a947d9fbdf762008314022c4126346030028c604e65593ae1857bc4d6b615aa18922f9758b9b6c3d9ab2d6aad881483b134ded414de811b899443a753434490a990dace3605c7c76490f342ba17afe2168b1c5c9ae7c86285f6468dce081c2744d7d7b1fb11b591e4fcda90dbeeb81395b4601483b41046201d1fa91ce66fbf8b64d045f73b3c7aea2c5196b25eebb098b7b02a8a4261afbf4480167b24632f0e05641918cacab2ac1003688325255e1090c419aeb271d06406dc5cc0d193c7993c7288d5f56d4c6e8a4e7b40bdd1238d132c12761bbb4c213874781f4b07f6f3d45f3ec244e31aec5f2697a4d88d21c27218ba3eb6354dd219707c799e9c329851ba6794b011d28094e878884813c2f23403145f7bfc69ca5325a42778f2c280eb0e4e71b8e41198081b811190e997dcd3bca4111b7c05028c218e22825c11dbb51172c4cc5499c5e9325a75b0f2157a958394920c4b086a9d9846bd43e048c8120c09991658b68b128ac9a929def2fe9fe5f9471e6134dc62b66233d11bb3b9d96029f0a9582efbe626084675b2fa1ec312466310f0524cd55fbc44b75e27cd4ff1c017bf4ae04b729590a9e51c9d7331d9a1c33c5b2e53ec6d708335c69702c830662f51bd14d62803837838ca3941085290262949aa711d452970d968407e7292ab8d3ecbe590540b34502959d85944add1c6093c5c65919316a43183dd1dacfc0427def0666a2be769edae52dbed811c324e62ac5219ad14836603e5da28cfdb73356961524066343b7dbef0856ff0e0e317d022e3faa34b1c9c729928efa33dd160e1f6939cb62a3c795621f209b7ca26a190603426d32fd7c391c28886b4ac9c6549b234ddebb2d314c7f5085c07dfb2d0c91884426361694d25e7d16909868398c9b919fc3087d56860e72c86fd21c3760fafd362e5c21546cd26730b150ab9124b870a8cba7dda833e61b78bdb6ce014f2f89685f5723614a0d3845c214f3b8544672c2c4eb0dd19e046310b5e9e9d43137ca5dee5d8f7ddc1a037e0cfd7ae121467788d6ea2b3744f62d41a23682961c96b587239496294e3e106013296e40a3966672af4b1f08edfc60bbb5dc699c0559a7ccea572e4182443829c8f8935cdab57f04a3304a5128980417397cee54bb84100d624076eb809212cb22461edfc0bb46a3bb8cd267e9843b90ec20bf6c8321a9d1a2666a6c9554a2c4c552897a6483281d20e726e867b6ebd91fff8d0c3b837dfcdabde783f5bffeb0fb9faedb35c3b3cc98c93e1e752cc5e72dd9052caf3209096c2f55d94b22856a7f0429f7221a4ec2a86ab57987634ed6186ab2413058fcaf434878e5dc7dcc222eea047d5b7a9544bb4771b3c75ea0ceb5b352ccf2657f249462372618e7ca1c044b9ccd2a143c4d2a1566b321ef4d16982310683400b81361adb71b07221ede523ec9eb893b9f7ff1b46afbd8fcf3cf56ddab902aeb0b9f2b5af13e70bdcac145371c427be7581bfbca618441ad018cc1585e16924d8b6c2753d84b537bfcbe2082505a112d476d610fd16d5e5bb19ee58908c302ac4765d9c4cd35e394f980f69740718a108f321b5da366634428c47d01e333682e130a2bebe4bec5878419eac5d439bbdb0307f251109b4d618ade9e70a5caad84ccecd31ca0c1b8f9f66f5c9a7187df6416eb9f34e4e3df6189b8f3eceac963ca534f9d9320f3f7905250ef0ee621e37082e5aef7dc3c9b125c4cf2b65a16c0b65db24514cbfdb258a62b4ce180e233a9d1ebb8d3e56184212e1042153f902c9a35fa6e280560ae18508c7234932449412a60246d0da6c31ee46086d31b57f9eeb5f770793cb731047f8414850c863b91e580a8d264d628c147c73759b6dafc064b942dced622743c25c8eb5cbab78952a138b0b4c9e7981994cf2a546835132e2e8e202576b036ebbf3d6fa849dfebed23abb8811ad2ccbcaf1788cf27c32bdd72a2ba5f01d9b42ce657730e6b127cea12e9479f3fdb7738bccf0ce3c4ab9e8914592d130c6725c84d658a961d88969f6624a08ae3fb0c0fcad37e2ce4da26d4d86c6775c66f72fef714f5ba18d4160c8e284381e634bb02d45a05cbc30a4b4b54a5c90ccfed0db283e7586d38f3cca1d77bd9a85769747cf9c6362768ab55a8ba053e7577ee1e7f8eaead5ed0f1bf18c9296d04288cf6459fa533ab331c6108dc7603496b41042e2b936c3145ae38474b0cd97bff0556e7af3ed1c5f9e059dd0eff4c95b1632f431234da7336267abc16c1830bb34853de113b909460c91da0229b19422ac4c4096226d7b4f053019e3684492696496b1d08bb9e55a8b994cd3af14885b31bd4bdfe6e0e232a7eadfa0f6d587191e3b415229335abd4ac155b4b5267fdd75c46e6ef58f5e7df77969b4cc30f24f8c112005d1784c1a450821b194c476154ee0b335022115e5c90a6b03cda3576a8c338da56c6ccfc3731cd234a1358ad8edf698db37cde2f105d452914e6868b56ac4c321c2b2908e8bb414b61762f921d2f5d042321a8ee8f7fb388ec37030e4ccce16e774c6d99535facf9d63ebdc2a49af831a77992f16b8bcbbc9e74e3d0a4a922b1558ae9438b4bcc857769a831b6ebff5610079df077fcf5896f5b410f2629a6ac683213acb9096c4b22d94a3684586f59ec60b0264ae80747dfeecc9cbbcb0be4b82d893fc5c87b8dbc3cb2b6ebceb2873d7cd614d85f4a231bdad1a56a2b12d17a9dcbd7a673908d7437a1e28451cc574da6d84d140c6783ca457dfa2d038cd70b4ce4ab38d9e9d249b9da1edfa9cb8f9662a96627b7783334f3f41b958e4bdef7d2757779afcce9f7fa996dacea7ffa62eda41888f6559fa1b0683540a4986540a6329ce6c0ee90d63f213457a4660a529dd61ccef7ffd2c8b5325260a3942bfc4bce731ca526cb197a6e304925823c709a3560799652837c0a05f4a981902854e535ab51ad1a047ae584058028c66da8dc94a829af6f0448e44f8206dc6830105cb6266df41664b2dfaaecbf6e61af9b939ba95c9acfec4530ffdb8109b0012e09e7ff7c9c418fd15a3b31563f4cb0d1a48c96637e685ed1eca56a85c9e641c4314930f3d9e59d9e1b7bef20cdd38415812371792cb8728a1115aa3b5466729a986683862dc68903677208d113adda3553aa3bebdcda0dd2428e4f0c2104b5a2861882b0b3ce9dec4b34d85502e42d9789e4fa53289ef05848ecdd185250ebeee0dd8b7df4e6ac1919327a2f4cae55f7d59be902f7f48c6a317c07c4208f6183906a3355bd7060c0631530b730c32838822946591edb55d9c5aeff26b0f9ce2b9d51db2970bb6107bb28101e528ecc023b36d068321a35e97b8d74467316996b1b9b6467b7b9dd2ec0cb9f204caf591d2228b1336ae36b0166f64ec97c88c240cf3b87e40abdd2508021626cb9cef3459dbd926d877802fad373871f8d0eff0fcd36b7f6bbaf47b5f7ddebcef4db7d505f2360d0b00eb03cd13a77799b51d547582abed0ebad9c651364912ef01cae5698d13befc8d33f4d38c855280a3244680b42c5c5be179ce1e21cfe7f60462db263182ab172f52bfbac2c4ec34b972853d65012c9371e5c56b3cf8d013b43b7d265f732fc30b97b0842474a11c82745caad301ad7c9eab3b75465bd7d07e58afde70e33f7bfcb77f33fd3bc7679ffad2e9fa4fbee91609e2be28cd9c074765be691c8e5d7f98d1ce2e51ab4d148d49b30404a451446e718974382051162f74c63c71fe1a224d29e5833d8d240cc91572b89e87503699b2e8747b5c387386ed4b17a9544a14aa132869214d067a4f7a3c77658333577b9c589ec52a958951541d07df9374538f341e325398a7d01db2321a912fe5b1fbed1ffde39f7edfb9bf773ef8bb5f3afdf4bbeebbf1c8533debe417b752720716393351228d469456d721cb88a5a15c2c30188d39b66f81248da8540be484a4b5d5e01bcfad71766593d16848921a8c5064caa6d51f73e5f22a179f3b4bb7dec091925cdec3f71c9414a03310908cc65cdeecf0ec7a1727bf803bea307ff76be8afac11a586a9a283708a0c84e2fedb6ea6210de75e5cfbf8b37ff007bff11d8db0bf3fe89f7a30bce1ae76aa17e5c145367a43e2c1085243218e092c8bc875e81998727dac6844211de11acd50da08dbc231432e5ddde5e93397b978ee322b172eb1b9bac6a0d544671902f01c49311f10041e8e63236d8149333aad2e175a82462279feb9b3bcfd6d3fc2671e7a98619c4194d18924496668b55bf83353ec3f71e2b1fb7ee04def79f0e3bf1d7f47001fb8d0ea89eac2993beebbebde6706f144d41d126cee12bb2e5a406e18914a492ac0160ac70fa94631a9b4a94b8772c9a71208bab161d0cf203504be4d29f0f05d8b72e8502df954cb390a851037f090ca46603049ca7663c89635c74e64d168d4e8f446dc7de23a1e3d7f99a520443a0eb96209dbb6d9d9d9796e5fa9f0eef7bdfefeadbf0b8bfcbbbe3cfe933f25aefcf99f3ef5da9bae7bff09df5b9dddd84018839526f4fc8046a9487738c41a8de9cccfd25d3ec0ba5634850b1a7afd94b5a6a4d1cd703c1bad14bb63879a57417b01526a6c6b4fea4be3946414938c4664a3886eabcb0b976b1c3e713ba5c969c2c9591e3bf53873fb0e303d3f4daddf23972f22a44598cb9f47383fff2f7eec9d175ed11a49edcc6900feec13ff73f52d6fbcff8952bb7987a3aca9edeec044c608ad2cec5e0f5b1ba2d919a66fbb858d28466f6dd0eff448471181e791a519580eb95cc69beebf87436ffc09bc854314aa3364f56dc4b08fa36c2c21b0245852b2b2b2c953e7b6b9e507dfcae58d5ddc5c81467d978dde807bdff5637cfed153dc30358d91f67308deffb15ffd9547febe5d1ff90f6d3a7df85fffd2638b81f7cf17a47868deb5451ce64885c4771d728e8d4853aafd0e83dbef60602485c0c368c3603066b23a4194682af347f9fed71de587def86aeef981b7611fbf87d19def247ff23ea4d6e8784c3a1a30e87678f6d4595c624823fc7c9e23470ef37dafbb9f2bcf9ce1482e4778f430173aedc7bc4cbce3bf7fe8df3ff23d59c6fbd6b74e350eef3ff0d0aaed8aa450b83badef328e126c21995c5ae4deb92a4ccd32910b685fbc88721c9228c6756cdef2d637f3da37bc89471e3fc3a17d3ec5d99b28158af413cd8e55627e711eafbb8e2534ab6b3bc4f9456e7de7fb98bafe669e7cf60584541cdcbfcc73cf9de5f2e515d2c5e58f5ffbca5fbee7a14f7f72eb3bb15d7da7db869ffdcc676a7cebdc070eff8f5f7fa49e641ff12db5349828b3303389bab28e7fa5c6e15b8f32383d87d19a37bdf6468e1e5d2457d9c7a7fee86146c3119ff8e4e7f9b7ffe92e12e3328e63ce5fb9cc0b8ec78fdff3934c7b9a9b2bf31cb02ab87e0ec7b2706d07612996f71f646261a1be736de3bda73ffe5b9f7f25eb94f2953ccc5dd79b4b9ffcd403bd383de945d1473b7ed8da2d14b3fac21cc54a9ef5de9872759643478e539c9a6761f100e75f38cf4d371cc3767d9e3dbbc5f3a7cf50f01da44e9146e359b0dd4fe8da05b474104250723d94104c4c94b330f086a16bffb7dff9cddf5a7afa0b0fbc2270afe806ffe6494f9f6aadc02fb2b8f091b2c50756aeeebefe52a932715310e4c2c932172eac622987c79ebc4aa3d961766692d9e9093add0e5ffcda29668fdcc0a9a74eb3bdb14e222c0a8ec55c25643c1e132b8fce783cf01d557be35db73c540aec5f9d2a4eadfd6357af2dbe9bf3e295e6c6371ffdb3a8b1fbc7f57d07b7770f1fceae5fa82659ad26d122c018b4900c53cdfc8125b27c0e3d51667ab2ca8b172e1277eb944397e620e2d8beb9bab2ed958dcef854a31f7fa252caffd2a1ead41ffdfaaffd7ae79f74ebfeff3c273ff8c163cd471f3f59cad4b15b6fbaeec87aca216f6666ae582d971766abfedac52b9c5c5a183d77ee5c6b7b6d75a3e05b57623bbcf89eb7de777e69aaf2cc9daf7afdf9efa53dff1bd24692ac101ed1780000000049454e44ae426082);


INSERT INTO MEDS_FILE (FILE_ID, GUID, NAME, EFF_FRM) VALUES
(1, '73e17a87-006c-478f-9ede-00af163354df', 'hospital.png', '2015-09-28 06:33:20'),
(2, '153f8377-9031-422e-9f22-474539ef071f', 'hospital.png', '2015-09-28 06:33:20'),
(3, 'd227f6dc-28b9-4e66-917f-cb57a5c9ab94', 'hospital.png', '2015-09-28 06:33:20'),
(4, '1461f015-7ae3-4153-acbf-1190b52a51ab', 'hospital.png', '2015-09-28 06:33:20'),
(5, '3945bd02-f2bc-4266-8da2-982f1db41753', 'hospital.png', '2015-09-28 06:33:20'),
(6, '9b449cb2-147d-4d38-947c-966216ae5ea1', 'hospital.png', '2015-09-28 06:33:20'),
(7, '75ccb730-e496-4b74-845a-8cf836228a0e', 'toyy.png', '2015-10-01 00:00:00');

INSERT INTO MEDS_IMAGE (IMAGE_ID, FILE_ID, WIDTH, HEIGHT) VALUES
(1, 1, 600, 400),
(2, 2, 600, 400),
(3, 3, 600, 400),
(4, 4, 600, 400),
(5, 5, 600, 400),
(6, 6, 600, 400);
(7, 7, 600, 400);

INSERT INTO MEDS_TRADING_HOUR (TRADING_HOUR_ID, EFF_FRM, EFF_TO, OPEN) VALUES
(1, '09:00:00', '17:00:00', 1),
(2, '09:00:00', '17:00:00', 1),
(3, '09:00:00', '17:00:00', 1),
(4, '09:00:00', '17:00:00', 1),
(5, '10:00:00', '16:00:00', 1),
(6, '08:00:00', '14:00:00', 1),
(7, '08:00:00', '10:00:00', 1),
(8, NULL, NULL, 0);

INSERT INTO MEDS_TRADING_DAY (TRADING_DAY_ID, MONDAY_ID, TUESDAY_ID, WEDNESDAY_ID, THURSDAY_ID, FRIDAY_ID, SATURDAY_ID, SUNDAY_ID, PUBIC_HOLIDAY_ID) VALUES
(1, 1, 2, 3, 4, 5, 6, 7, 8),
(2, 1, 1, 1, 1, 1, 1, 1, 1),
(3, 1, 2, 3, 4, 5, 6, 7, 8),
(4, 7, 7, 8, 7, 7, 7, 8, 8),
(5, 1, 2, 3, 4, 5, 6, 7, 8);

INSERT INTO MEDS_PRACTICE (PRACTICE_ID, NAME, EMAIL, LATITUDE, LONGITUDE, ADDRESS, TRADING_DAY_ID, PHONE, FEE, IMAGE_ID, BIO_ID) VALUES
(1, 'Medi center', 'info@medi-centre.co.za', -25.949139, 28.100485, 'Unit 35 Jet Park Caravelle Street',1, '041 501 3830', 240,1,1),
(2, 'Prime Cure', 'primecure@gmail.com', 25.956478, 28.107218, '2 Sunninghill Crescent',2, '0861 665 665', 340,2,5),
(3, 'Frankston Hospital', 'frank@gmail.com', -25.954842, 28.084886, 'Hastings Road Frankston Vic 3199',3, '03 9783 8522', 200,3,4),
(4, 'London Medicentre', 'lon@gmail.com', -25.954608, 28.097391, '99 Wattle Rd',4, '011 123 4567', 140,4,3),
(5, 'Life Claremont', 'life@gmail.com', -25.958125, 28.093299, '245 Main Road (Opp. Ardene Gardens) ',5, '011 123 4567', 400,5,2),
(6, 'George Hospital', 'george@gmail.com', -25.966858, 28.098228, 'Langenhoven Road, Heatherlands',1, '011 123 4567', 400,6,1),
(7, 'Steve Biko Hospital', 'steve@gmail.com', -25.957795, 28.097419, '23 Steve Rd',2, '011 123 4567', 500,1,5),
(8, 'Greys Hospital', 'greys@gmail.com', -25.966824, 28.104188, 'Townbush Road, Pietermaritzburg',3, '011 123 4567', 600,2,4),
(9, 'Applesbotch Hospital', 'apple@gmail.com', -25.956703, 28.095396, '73 Apple road',4, '011 123 4567', 700,3,3),
(10, 'Zithulele Hospital', 'zithule@gmail.com', -25.958324, 28.113827, 'Mthatha Shell Ultra City',5, '011 123 4567', 800,4,2),
(11, 'Medi Clinic Sandton', 'medisand@gmail.com', -25.952393, 28.092948, '73 Mimosa Rd',1, '011 123 4567', 900,5,1);


INSERT INTO MEDS_FIELD (FIELD_ID, NAME, MAP_COLOR) VALUES
(1, 'Dentist', '9C27B0'),
(2, 'Pediatrician', '2196F3'),
(3, 'Psychiatrist', '009688'),
(4, 'Dermatologist', 'CDDC39'),
(5, 'Cardiologist', 'FF9800');

INSERT INTO MEDS_PRACTICE_FIELD (PRACTICE_FIELD_ID, PRACTICE_ID, FIELD_ID) VALUES
(1, 1, 1),
(2, 1, 3),
(3, 1, 4),
(4, 2, 1),
(5, 2, 5),
(6, 3, 2),
(7, 3, 4),
(8, 4, 1),
(9, 5, 3),
(10, 5, 4),
(11, 5, 5),
(12, 6, 1),
(13, 6, 2),
(14, 6, 4),
(15, 6, 5),
(16, 7, 3),
(17, 7, 4),
(18, 8, 4),
(19, 8, 5),
(20, 9, 1),
(21, 10, 1),
(22, 10, 2),
(23, 10, 3),
(24, 11, 1),
(25, 11, 1);

INSERT INTO MEDS_DOCTOR (DOCTOR_ID, USER_ID, ICON_ID, IMAGE_ID, BIO_ID) VALUES 
(1, 1, 6, 7, 1);

INSERT INTO MEDS_DOCTOR_PRACTICE (MEDS_DOCTOR_PRACTICE_ID, PRACTICE_ID, DOCTOR_ID) VALUES
(1 , 1, 1);